<?xml version="1.0" encoding="UTF-8"?>
<project-shared-configuration>
    <!--
This file contains additional configuration written by modules in the NetBeans IDE.
The configuration is intended to be shared among all the users of project and
therefore it is assumed to be part of version control checkout.
Without this configuration present, some functionality in the IDE may be limited or fail altogether.
-->
    <properties xmlns="http://www.netbeans.org/ns/maven-properties-data/1">
        <!--
Properties that influence various parts of the IDE, especially code formatting and the like. 
You can copy and paste the single properties, into the pom.xml file and the IDE will pick them up.
That way multiple projects can share the same settings (useful for formatting rules for example).
Any value defined here will override the pom.xml file value but is only applicable to the current project.
-->
        <org-netbeans-spi-editor-hints-projects.text.x-java.org_2e_netbeans_2e_modules_2e_java_2e_hints_2e_AssignmentIssues_2e_incrementDecrementUsed.enabled>true</org-netbeans-spi-editor-hints-projects.text.x-java.org_2e_netbeans_2e_modules_2e_java_2e_hints_2e_AssignmentIssues_2e_incrementDecrementUsed.enabled>
        <org-netbeans-spi-editor-hints-projects.text.x-java.org_2e_netbeans_2e_modules_2e_java_2e_hints_2e_AssignmentIssues_2e_assignmentToMethodParam.enabled>true</org-netbeans-spi-editor-hints-projects.text.x-java.org_2e_netbeans_2e_modules_2e_java_2e_hints_2e_AssignmentIssues_2e_assignmentToMethodParam.enabled>
        <org-netbeans-spi-editor-hints-projects.text.x-java.Javac_5f_RAWTYPES.enabled>true</org-netbeans-spi-editor-hints-projects.text.x-java.Javac_5f_RAWTYPES.enabled>
        <org-netbeans-spi-editor-hints-projects.text.x-java.org_2e_netbeans_2e_modules_2e_java_2e_hints_2e_AssignmentIssues_2e_replaceAssignWithOpAssign.enabled>true</org-netbeans-spi-editor-hints-projects.text.x-java.org_2e_netbeans_2e_modules_2e_java_2e_hints_2e_AssignmentIssues_2e_replaceAssignWithOpAssign.enabled>
        <org-netbeans-spi-editor-hints-projects.text.x-java.org_2e_netbeans_2e_modules_2e_java_2e_hints_2e_AssignmentIssues_2e_assignmentToCatchBlockParameter.enabled>true</org-netbeans-spi-editor-hints-projects.text.x-java.org_2e_netbeans_2e_modules_2e_java_2e_hints_2e_AssignmentIssues_2e_assignmentToCatchBlockParameter.enabled>
        <org-netbeans-spi-editor-hints-projects.text.x-java.Javac_5f_OVERRIDES.enabled>true</org-netbeans-spi-editor-hints-projects.text.x-java.Javac_5f_OVERRIDES.enabled>
        <org-netbeans-spi-editor-hints-projects.text.x-java.Javac_5f_UNCHECKED.enabled>true</org-netbeans-spi-editor-hints-projects.text.x-java.Javac_5f_UNCHECKED.enabled>
        <org-netbeans-spi-editor-hints-projects.text.x-java.org_2e_netbeans_2e_modules_2e_java_2e_hints_2e_AssignmentIssues_2e_nestedAssignment.enabled>true</org-netbeans-spi-editor-hints-projects.text.x-java.org_2e_netbeans_2e_modules_2e_java_2e_hints_2e_AssignmentIssues_2e_nestedAssignment.enabled>
        <org-netbeans-spi-editor-hints-projects.text.x-java.Braces_5f_IF.enabled>true</org-netbeans-spi-editor-hints-projects.text.x-java.Braces_5f_IF.enabled>
        <org-netbeans-spi-editor-hints-projects.text.x-java.org_2e_netbeans_2e_modules_2e_java_2e_hints_2e_AssignmentIssues_2e_assignmentToForLoopParam.enabled>true</org-netbeans-spi-editor-hints-projects.text.x-java.org_2e_netbeans_2e_modules_2e_java_2e_hints_2e_AssignmentIssues_2e_assignmentToForLoopParam.enabled>
        <org-netbeans-spi-editor-hints-projects.text.x-java.Braces_5f_WHILE_5f_LOOP.enabled>true</org-netbeans-spi-editor-hints-projects.text.x-java.Braces_5f_WHILE_5f_LOOP.enabled>
        <org-netbeans-spi-editor-hints-projects.text.x-java.Javac_5f_DEPRECATED.enabled>true</org-netbeans-spi-editor-hints-projects.text.x-java.Javac_5f_DEPRECATED.enabled>
        <org-netbeans-spi-editor-hints-projects.text.x-java.Javac_5f_UNNECESSARY_5f_CAST.enabled>true</org-netbeans-spi-editor-hints-projects.text.x-java.Javac_5f_UNNECESSARY_5f_CAST.enabled>
        <org-netbeans-spi-editor-hints-projects.text.x-java.Javac_5f_FALLTHROUGH.enabled>true</org-netbeans-spi-editor-hints-projects.text.x-java.Javac_5f_FALLTHROUGH.enabled>
        <org-netbeans-spi-editor-hints-projects.text.x-java.org_2e_netbeans_2e_modules_2e_java_2e_hints_2e_IllegalInstanceOf.enabled>true</org-netbeans-spi-editor-hints-projects.text.x-java.org_2e_netbeans_2e_modules_2e_java_2e_hints_2e_IllegalInstanceOf.enabled>
        <org-netbeans-spi-editor-hints-projects.text.x-java.Javac_5f_SERIALIZATION.enabled>true</org-netbeans-spi-editor-hints-projects.text.x-java.Javac_5f_SERIALIZATION.enabled>
        <org-netbeans-spi-editor-hints-projects.text.x-java.org_2e_netbeans_2e_modules_2e_java_2e_hints_2e_suggestions_2e_TooStrongCast_2e_broadTypeCast.enabled>true</org-netbeans-spi-editor-hints-projects.text.x-java.org_2e_netbeans_2e_modules_2e_java_2e_hints_2e_suggestions_2e_TooStrongCast_2e_broadTypeCast.enabled>
        <org-netbeans-spi-editor-hints-projects.text.x-java.org_2e_netbeans_2e_modules_2e_java_2e_hints_2e_EmptyCancelForCancellableTask.enabled>true</org-netbeans-spi-editor-hints-projects.text.x-java.org_2e_netbeans_2e_modules_2e_java_2e_hints_2e_EmptyCancelForCancellableTask.enabled>
        <org-netbeans-spi-editor-hints-projects.text.x-java.Javac_5f_FINALLY.enabled>true</org-netbeans-spi-editor-hints-projects.text.x-java.Javac_5f_FINALLY.enabled>
        <org-netbeans-spi-editor-hints-projects.text.x-java.Braces_5f_FOR_5f_LOOP.enabled>true</org-netbeans-spi-editor-hints-projects.text.x-java.Braces_5f_FOR_5f_LOOP.enabled>
        <org-netbeans-spi-editor-hints-projects.text.x-java.Javac_5f_EMPTY_5f_STATEMENT_5f_AFTER_5f_IF.enabled>true</org-netbeans-spi-editor-hints-projects.text.x-java.Javac_5f_EMPTY_5f_STATEMENT_5f_AFTER_5f_IF.enabled>
        <org-netbeans-spi-editor-hints-projects.text.x-java.Braces_5f_DO_5f_WHILE_5f_LOOP.enabled>true</org-netbeans-spi-editor-hints-projects.text.x-java.Braces_5f_DO_5f_WHILE_5f_LOOP.enabled>
        <org-netbeans-spi-editor-hints-projects.text.x-java.Javac_5f_DIVISION_5f_BY_5f_ZERO.enabled>true</org-netbeans-spi-editor-hints-projects.text.x-java.Javac_5f_DIVISION_5f_BY_5f_ZERO.enabled>
        <netbeans.checkstyle.format>true</netbeans.checkstyle.format>
        <org-netbeans-modules-javascript2-requirejs.enabled>true</org-netbeans-modules-javascript2-requirejs.enabled>
        <netbeans.compile.on.save>all</netbeans.compile.on.save>
        <org-netbeans-spi-editor-hints-projects.text.x-java.org_2e_netbeans_2e_modules_2e_java_2e_hints_2e_encapsulation_2e_ClassEncapsulation_2e_publicCls.enabled>true</org-netbeans-spi-editor-hints-projects.text.x-java.org_2e_netbeans_2e_modules_2e_java_2e_hints_2e_encapsulation_2e_ClassEncapsulation_2e_publicCls.enabled>
        <org-netbeans-spi-editor-hints-projects.text.x-java.org_2e_netbeans_2e_modules_2e_java_2e_hints_2e_encapsulation_2e_FieldEncapsulation_2e_protectedField.enabled>true</org-netbeans-spi-editor-hints-projects.text.x-java.org_2e_netbeans_2e_modules_2e_java_2e_hints_2e_encapsulation_2e_FieldEncapsulation_2e_protectedField.enabled>
        <org-netbeans-spi-editor-hints-projects.text.x-java.org_2e_netbeans_2e_modules_2e_java_2e_hints_2e_encapsulation_2e_ParamEncapsulation_2e_date.enabled>true</org-netbeans-spi-editor-hints-projects.text.x-java.org_2e_netbeans_2e_modules_2e_java_2e_hints_2e_encapsulation_2e_ParamEncapsulation_2e_date.enabled>
        <org-netbeans-spi-editor-hints-projects.text.x-java.org_2e_netbeans_2e_modules_2e_java_2e_hints_2e_encapsulation_2e_ParamEncapsulation_2e_collection.enabled>true</org-netbeans-spi-editor-hints-projects.text.x-java.org_2e_netbeans_2e_modules_2e_java_2e_hints_2e_encapsulation_2e_ParamEncapsulation_2e_collection.enabled>
        <org-netbeans-spi-editor-hints-projects.text.x-java.org_2e_netbeans_2e_modules_2e_java_2e_hints_2e_encapsulation_2e_ClassEncapsulation_2e_protectedCls.enabled>true</org-netbeans-spi-editor-hints-projects.text.x-java.org_2e_netbeans_2e_modules_2e_java_2e_hints_2e_encapsulation_2e_ClassEncapsulation_2e_protectedCls.enabled>
        <org-netbeans-spi-editor-hints-projects.text.x-java.org_2e_netbeans_2e_modules_2e_java_2e_hints_2e_encapsulation_2e_ClassEncapsulation_2e_packageCls.enabled>true</org-netbeans-spi-editor-hints-projects.text.x-java.org_2e_netbeans_2e_modules_2e_java_2e_hints_2e_encapsulation_2e_ClassEncapsulation_2e_packageCls.enabled>
        <org-netbeans-spi-editor-hints-projects.perProjectHintSettingsEnabled>true</org-netbeans-spi-editor-hints-projects.perProjectHintSettingsEnabled>
        <org-netbeans-spi-editor-hints-projects.text.x-java.org_2e_netbeans_2e_modules_2e_java_2e_hints_2e_encapsulation_2e_ParamEncapsulation_2e_array.enabled>true</org-netbeans-spi-editor-hints-projects.text.x-java.org_2e_netbeans_2e_modules_2e_java_2e_hints_2e_encapsulation_2e_ParamEncapsulation_2e_array.enabled>
        <org-netbeans-spi-editor-hints-projects.text.x-java.org_2e_netbeans_2e_modules_2e_java_2e_hints_2e_encapsulation_2e_FieldEncapsulation_2e_packageField.enabled>true</org-netbeans-spi-editor-hints-projects.text.x-java.org_2e_netbeans_2e_modules_2e_java_2e_hints_2e_encapsulation_2e_FieldEncapsulation_2e_packageField.enabled>
        <org-netbeans-spi-editor-hints-projects.text.x-java.org_2e_netbeans_2e_modules_2e_java_2e_hints_2e_encapsulation_2e_ReturnEncapsulation_2e_array.enabled>true</org-netbeans-spi-editor-hints-projects.text.x-java.org_2e_netbeans_2e_modules_2e_java_2e_hints_2e_encapsulation_2e_ReturnEncapsulation_2e_array.enabled>
        <org-netbeans-spi-editor-hints-projects.text.x-java.org_2e_netbeans_2e_modules_2e_java_2e_hints_2e_encapsulation_2e_FieldEncapsulation_2e_publicField.enabled>true</org-netbeans-spi-editor-hints-projects.text.x-java.org_2e_netbeans_2e_modules_2e_java_2e_hints_2e_encapsulation_2e_FieldEncapsulation_2e_publicField.enabled>
        <org-netbeans-spi-editor-hints-projects.text.x-java.org_2e_netbeans_2e_modules_2e_java_2e_hints_2e_encapsulation_2e_ReturnEncapsulation_2e_date.enabled>true</org-netbeans-spi-editor-hints-projects.text.x-java.org_2e_netbeans_2e_modules_2e_java_2e_hints_2e_encapsulation_2e_ReturnEncapsulation_2e_date.enabled>
        <org-netbeans-spi-editor-hints-projects.text.x-java.org_2e_netbeans_2e_modules_2e_java_2e_hints_2e_encapsulation_2e_ReturnEncapsulation_2e_collection.enabled>true</org-netbeans-spi-editor-hints-projects.text.x-java.org_2e_netbeans_2e_modules_2e_java_2e_hints_2e_encapsulation_2e_ReturnEncapsulation_2e_collection.enabled>
        <org-netbeans-spi-editor-hints-projects.text.x-java.org_2e_netbeans_2e_modules_2e_java_2e_hints_2e_encapsulation_2e_FieldEncapsulation_2e_privateField.enabled>true</org-netbeans-spi-editor-hints-projects.text.x-java.org_2e_netbeans_2e_modules_2e_java_2e_hints_2e_encapsulation_2e_FieldEncapsulation_2e_privateField.enabled>
    </properties>
</project-shared-configuration>
